,Topics,Alpha,Beta,Coherence
0,2,asymmetric,auto,0.3663909356078342
1,3,asymmetric,auto,0.3785319744098606
2,4,asymmetric,auto,0.36253597038945484
3,5,asymmetric,auto,0.34587565598894876
4,6,asymmetric,auto,0.33217498757613756
5,7,asymmetric,auto,0.3199256209664244
6,8,asymmetric,auto,0.31923669415933076
7,9,asymmetric,auto,0.3163813210371239
8,10,asymmetric,auto,0.31918927191055557
